id;nome;cep;logradouro;numero;referencia;bairro
1;customized Filmes Strategist;Forward Unidos;Peixe e-markets;back-end Forward;Eletrônicos;Avenida Integration
2;ouro bandwidth-monitored;Buckinghamshire Ceará;Rústico quantifying;motivating Benin cross-platform;repurpose circuit;Bacon prata Borracha
3;Benin Boliviano Mato;Inteligente wireless petróleo;Quetzal amarelo;motivating Vatu copy;Money backing Pequeno;interactive Rodovia Centralized
4;Facilitator;Account;Agent RSS Buckinghamshire;mobile discrete transform;Marginal Travessa coral;disintermediate
5;Alameda proactive;Creative Buckinghamshire Avenida;Rústico Savings Malásia;Madeira;Secured Avon cinza;de
6;monitoring;program;Configurable Fresco;Technician scale bypassing;Chapéu JSON;Fresco Account
7;Internal;Mobility Bebê;Versatile interface SSL;Refinado Profound;deposit;solutions Marginal
8;Mobility Sabonete Rua;reboot Buckinghamshire Human;Mouse parsing Berkshire;online FTP platforms;Beleza;laranja Buckinghamshire program
9;Savings;Ergonômico;payment;contingency;bypassing compressing;RSS Polarised
10;attitude Loan;24/7 Analyst solid;web-enabled Camiseta;calculating;withdrawal e-business system;Usability Borders
